{
  "grid": [
    { "id": "p1", "xs": 6, "class": "main", "table": "devhard" },
    { "id": "p2", "xs": 6, "class": "main", "table": "devhard" }
    
  ],
  "spacing": 4,

  "p1": [
    { "prop": "chan", "title": "$Name", "type": "input" },
    { "prop": "nodeip", "title": "$nodeip", "type": "input" },
    { "prop": "nodeport", "title": "$nodeport", "type": "input" },

    {
      "prop": "originatorAddress",
      "title": "$originatorAddress",
      "type": "number",
      "default": 1
    },
    {
      "prop": "tzondevice",
      "title": "Time zone on device",
      "type": "droplist",
      "data": [
        {
          "id": "+10",
          "title": "+10"
        },
        {
          "id": "+9",
          "title": "+9"
        },
        {
          "id": "+8",
          "title": "+8"
        },
        {
          "id": "+7",
          "title": "+7"
        },
        {
          "id": "+6",
          "title": "+6"
        },
        {
          "id": "+5",
          "title": "+5"
        },
        {
          "id": "+4",
          "title": "+4"
        },
        {
          "id": "+3",
          "title": "+3"
        },
        {
          "id": "+2",
          "title": "+2"
        },
        {
          "id": "+1",
          "title": "+1"
        },
        {
          "id": "0",
          "title": "0"
        },
        {
          "id": "-1",
          "title": "-1"
        },
        {
          "id": "-2",
          "title": "-2"
        }          
      ],
      "default": "+3"
    },
    { "prop": "txt", "title": "$Comment", "type": "textarea" },
    { "prop": "foldertype", "title": "", "type": "text", "hide":"1==1" }
  ],

  "p2": [
   
    {
      "prop": "k",
      "title": "Parameter K",
      "type": "input",
      "default": "12"
    },
    {
      "prop": "w",
      "title": "Parameter W",
      "type": "input",
      "default": "8"
    },
    {
      "prop": "t0",
      "title": "Parameter T0",
      "type": "input",
      "default": "30"
    },
    {
      "prop": "t1",
      "title": "Parameter T1",
      "type": "input",
      "default": "15"
    },
    {
      "prop": "t2",
      "title": "Parameter T2",
      "type": "input",
      "default": "10"
    },
    {
      "prop": "t3",
      "title": "Parameter T3",
      "type": "input",
      "default": "20"
    }
  ] 
}
