{
  "grid": [
    { "id": "p1", "xs": 4, "class": "main", "table": "units" },

    { "id": "p3", "xs": 8, "class": "main", "table": "units" },

    { "id": "p9", "xs": 12, "class": "main", "table": "unitsTreeTable", "height": "fill" }
  ],

  "spacing": 10,

  "p1": [
    { "prop": "id", "title": "ID", "type": "text" },
    { "prop": "name", "title": "$Name", "type": "input" }
  ],

  "p3": [
   
    {
      "prop": "restarttime",
      "title": "$Unit_Restarttime",
      "type": "number",
      "default": 5
    },
    { "prop": "loglevel", "title": "$LogLevel", "type": "droplist", "data": "loglevelList" },
   
    { "prop": "txt", "title": "$Comment", "type": "input" }
  ],

  "p9": [
    {
      "title": "",
      "type": "table",
      "prop": "unitsTreeTable",

      "columns": [
        { "prop": "name", "title": "ID", "type": "text", "width": 150 },
        { "prop": "state", "title": "Состояние", "type": "text", "width": 150 },
        { "prop": "laststart", "title": "Время запуска", "type": "text", "width": 150 },
        { "prop": "laststop", "title": "Время останова", "type": "text", "width": 150 },
        { "prop": "uptime", "title": "Uptime", "type": "text", "width": 150 },
        { "prop": "error", "title": "Ошибка", "type": "text", "width": 250 }
      ]
    }
  ]
}
